AA,;Alcoa Corporation
AAL,;American Airlines Group Inc
AAOI,;Applied Optoelectronics Inc
AAP,;Advance Auto Parts Inc
AAPL,;Apple Inc
AAWW,;Atlas Air Worldwide Holdings Inc
ABM,;ABM Industries Incorporated
ABNB,;Airbnb Inc
ACCO,;ACCO Brands Corporation
ACI,;Albertsons Companies Inc
ACIW,;ACI Worldwide Inc
ACM,;AECOM
ACMR,;ACM Research Inc
ACVA,;ACV Auctions Inc
ACY,;AeroCentury Corp
ADBE,;Adobe Inc
ADI,;Analog Devices Inc
ADM,;Archer-Daniels-Midland Company
ADN,;Advent Technologies Holdings Inc
ADP,;Automatic Data Processing Inc
ADSK,;Autodesk Inc
ADT,;ADT Inc
AEE,;Ameren Corporation
AEHL,;Antelope Enterprise Holdings Limited
AEI,;Alset EHome International Inc
AEO,;American Eagle Outfitters Inc
AEP,;American Electric Power Company Inc
AES,;The AES Corporation
AESE,;Allied Esports Entertainment Inc
AEVA,;Aeva Technologies Inc
AFRM,;Affirm Holdings Inc
AGCO,;AGCO Corporation
AGFY,;Agrify Corporation
AGR,;Avangrid Inc
AI,;C3ai Inc
AKAM,;Akamai Technologies Inc
AKTS,;Akoustis Technologies Inc
ALB,;Albemarle Corporation
ALF,;Alfi Inc
ALGM,;Allegro MicroSystems Inc
ALK,;Alaska Air Group Inc
ALSK,;Alaska Communications Systems Group Inc
ALSN,;Allison Transmission Holdings Inc
ALTO,;Alto Ingredients Inc
AM,;Antero Midstream Corporation
AMAT,;Applied Materials Inc
AMBA,;Ambarella Inc
AMC,;AMC Entertainment Holdings Inc
AMCX,;AMC Networks Inc
AMD,;Advanced Micro Devices Inc
AME,;AMETEK Inc
AMKR,;Amkor Technology Inc
AMRC,;Ameresco Inc
AMRS,;Amyris Inc
AMST,;Amesite Inc
AMTX,;Aemetis Inc
AMZN,;Amazoncom Inc
AN,;AutoNation Inc
ANET,;Arista Networks Inc
ANF,;Abercrombie & Fitch Co
ANGI,;Angi Inc
AOS,;A O Smith Corporation
APA,;APA Corporation
APD,;Air Products and Chemicals Inc
APG,;APi Group Corporation
APH,;Amphenol Corporation
API,;Agora Inc
APP,;AppLovin Corporation
APPH,;AppHarvest Inc
APPN,;Appian Corporation
APPS,;Digital Turbine Inc
APRN,;Blue Apron Holdings Inc
AQB,;AquaBounty Technologies Inc
AQMS,;Aqua Metals Inc
AQUA,;Evoqua Water Technologies Corp
AR,;Antero Resources Corporation
ARCH,;Arch Resources Inc
AREC,;American Resources Corporation
ARKO,;Arko Corp
ARLO,;Arlo Technologies Inc
ARMK,;Aramark
ARNC,;Arconic Corporation
AROC,;Archrock Inc
ARRY,;Array Technologies Inc
ARW,;Arrow Electronics Inc
ASAN,;Asana Inc
ASB,;Associated Banc-Corp
ASH,;Ashland Global Holdings Inc
ASO,;Academy Sports and Outdoors Inc
ASPN,;Aspen Aerogels Inc
ASTC,;Astrotech Corporation
ASTR,;Astra Space Inc
ASTS,;AST SpaceMobile Inc
ATEN,;A10 Networks Inc
ATER,;Aterian Inc
ATGE,;Adtalem Global Education Inc
ATHM,;Autohome Inc
ATI,;Allegheny Technologies Incorporated
ATKR,;Atkore Inc
ATO,;Atmos Energy Corporation
ATOM,;Atomera Incorporated
ATSG,;Air Transport Services Group Inc
ATUS,;Altice USA Inc
ATVI,;Activision Blizzard Inc
AUD,;Audacy Inc
AUMN,;Golden Minerals Company
AUUD,;Auddia Inc
AVAV,;AeroVironment Inc
AVGO,;Broadcom Inc
AVLR,;Avalara Inc
AVNT,;Avient Corporation
AVT,;Avnet Inc
AVTR,;Avantor Inc
AVY,;Avery Dennison Corporation
AVYA,;Avaya Holdings Corp
AWK,;American Water Works Company Inc
AXAS,;Abraxas Petroleum Corporation
AXL,;American Axle & Manufacturing Holdings Inc
AXON,;Axon Enterprise Inc
AXTA,;Axalta Coating Systems Ltd
AYI,;Acuity Brands Inc
AYRO,;Ayro Inc
AYX,;Alteryx Inc
AZEK,;The AZEK Company Inc
AZPN,;Aspen Technology Inc
BA,;The Boeing Company
BABA,;Alibaba Group Holding Limited
BAC,;Bank of America Corporation
BAH,;Booz Allen Hamilton Holding Corporation
BARK,;The Original BARK Company
BBBY,;Bed Bath & Beyond Inc
BBIG,;Vinco Ventures Inc
BBW,;Build-A-Bear Workshop Inc
BBY,;Best Buy Co Inc
BC,;Brunswick Corporation
BCC,;Boise Cascade Company
BCEI,;Bonanza Creek Energy Inc
BE,;Bloom Energy Corporation
BEEM,;Beam Global
BEKE,;KE Holdings Inc
BEPC,;Brookfield Renewable Corporation
BERY,;Berry Global Group Inc
BEST,;BEST Inc
BF-B,;Brown-Forman Corporation
BG,;Bunge Limited
BGFV,;Big 5 Sporting Goods Corporation
BGS,;B&G Foods Inc
BHAT,;Fujian Blue Hat Interactive Entertainment Technology Ltd
BHLB,;Berkshire Hills Bancorp Inc
BHTG,;BioHiTech Global Inc
BIDU,;Baidu Inc
BIG,;Big Lots Inc
BIGC,;BigCommerce Holdings Inc
BILI,;Bilibili Inc
BILL,;Billcom Holdings Inc
BJ,;BJ's Wholesale Club Holdings Inc
BKE,;The Buckle Inc
BKI,;Black Knight Inc
BKR,;Baker Hughes Company
BKU,;BankUnited Inc
BL,;BlackLine Inc
BLDE,;Blade Air Mobility Inc
BLDR,;Builders FirstSource Inc
BLIN,;Bridgeline Digital Inc
BLL,;Ball Corporation
BLMN,;Bloomin' Brands Inc
BLNK,;Blink Charging Co
BMBL,;Bumble Inc
BNED,;Barnes & Noble Education Inc
BODY,;The Beachbody Company Inc
BOOM,;DMC Global Inc
BOX,;Box Inc
BOXL,;Boxlight Corporation
BPFH,;Boston Private Financial Holdings Inc
BPOP,;Popular Inc
BR,;Broadridge Financial Solutions Inc
BRKS,;Brooks Automation Inc
BRN,;Barnwell Industries Inc
BRQS,;Borqs Technologies Inc
BSQR,;BSQUARE Corporation
BSY,;Bentley Systems Incorporated
BTBT,;Bit Digital Inc
BTRS,;BTRS Holdings Inc
BTTR,;Better Choice Company Inc
BTU,;Peabody Energy Corporation
BW,;Babcock & Wilcox Enterprises Inc
BWA,;BorgWarner Inc
BWXT,;BWX Technologies Inc
BXS,;BancorpSouth Bank
BYD,;Boyd Gaming Corporation
BYND,;Beyond Meat Inc
BZ,;Kanzhun Limited
BZH,;Beazer Homes USA Inc
BZUN,;Baozun Inc
C,;Citigroup Inc
CADE,;Cadence Bancorporation
CAG,;Conagra Brands Inc
CAKE,;The Cheesecake Factory Incorporated
CAL,;Caleres Inc
CALX,;Calix Inc
CAN,;Canaan Inc
CANG,;Cango Inc
CAR,;Avis Budget Group Inc
CARG,;CarGurus Inc
CARR,;Carrier Global Corporation
CARS,;Carscom Inc
CARV,;Carver Bancorp Inc
CAT,;Caterpillar Inc
CBAT,;CBAK Energy Technology Inc
CBB,;Cincinnati Bell Inc
CBRE,;CBRE Group Inc
CBSH,;Commerce Bancshares Inc
CBT,;Cabot Corporation
CC,;The Chemours Company
CCK,;Crown Holdings Inc
CCL,;Carnival Corporation & plc
CCMP,;CMC Materials Inc
CCRN,;Cross Country Healthcare Inc
CCS,;Century Communities Inc
CD,;Chindata Group Holdings Limited
CDAY,;Ceridian HCM Holding Inc
CDE,;Coeur Mining Inc
CDEV,;Centennial Resource Development Inc
CDK,;CDK Global Inc
CDNS,;Cadence Design Systems Inc
CDW,;CDW Corporation
CDZI,;Cadiz Inc
CE,;Celanese Corporation
CEI,;Camber Energy Inc
CELH,;Celsius Holdings Inc
CENX,;Century Aluminum Company
CEQP,;Crestwood Equity Partners LP
CF,;CF Industries Holdings Inc
CFFN,;Capitol Federal Financial Inc
CFG,;Citizens Financial Group Inc
CFLT,;Confluent Inc Class A Common Stock
CFX,;Colfax Corporation
CGNT,;Cognyte Software Ltd
CGNX,;Cognex Corporation
CHCI,;Comstock Holding Companies Inc
CHD,;Church & Dwight Co Inc
CHEF,;The Chefs' Warehouse Inc
CHGG,;Chegg Inc
CHK,;Chesapeake Energy Corporation
CHKP,;Check Point Software Technologies Ltd
CHPT,;ChargePoint Holdings Inc
CHRW,;CH Robinson Worldwide Inc
CHS,;Chico's FAS Inc
CHTR,;Charter Communications Inc
CHWY,;Chewy Inc
CHX,;ChampionX Corporation
CIDM,;Cinedigm Corp
CIEN,;Ciena Corporation
CIT,;CIT Group Inc
CL,;Colgate-Palmolive Company
CLAR,;Clarus Corporation
CLDR,;Cloudera Inc
CLEU,;China Liberal Education Holdings Limited
CLF,;Cleveland-Cliffs Inc
CLNE,;Clean Energy Fuels Corp
CLR,;Continental Resources Inc
CLSK,;CleanSpark Inc
CLX,;The Clorox Company
CMA,;Comerica Incorporated
CMC,;Commercial Metals Company
CMCM,;Cheetah Mobile Inc
CMCSA,;Comcast Corporation
CMI,;Cummins Inc
CMS,;CMS Energy Corporation
CNDT,;Conduent Incorporated
CNK,;Cinemark Holdings Inc
CNNE,;Cannae Holdings Inc
CNP,;CenterPoint Energy Inc
CNR,;Cornerstone Building Brands Inc
CNSL,;Consolidated Communications Holdings Inc
CNX,;CNX Resources Corporation
CNXC,;Concentrix Corporation
COG,;Cabot Oil & Gas Corporation
COHU,;Cohu Inc
COIN,;Coinbase Global Inc
COLM,;Columbia Sportswear Company
COMM,;CommScope Holding Company Inc
COMP,;Compass Inc
COMS,;COMSovereign Holding Corp
COOP,;Mr Cooper Group Inc
COP,;ConocoPhillips
COST,;Costco Wholesale Corporation
COTY,;Coty Inc
COUP,;Coupa Software Incorporated
COUR,;Coursera Inc
CPB,;Campbell Soup Company
CPE,;Callon Petroleum Company
CPRT,;Copart Inc
CPSH,;CPS Technologies Corporation
CR,;Crane Co
CRC,;California Resources Corporation
CRCT,;Cricut Inc
CREE,;Cree Inc
CREX,;Creative Realities Inc
CRI,;Carter's Inc
CRK,;Comstock Resources Inc
CRM,;salesforcecom inc
CRNC,;Cerence Inc
CRNT,;Ceragon Networks Ltd
CROX,;Crocs Inc
CRS,;Carpenter Technology Corporation
CRSR,;Corsair Gaming Inc
CRTD,;Creatd Inc
CRUS,;Cirrus Logic Inc
CRWD,;CrowdStrike Holdings Inc
CSCO,;Cisco Systems Inc
CSCW,;Color Star Technology Co Ltd
CSGP,;CoStar Group Inc
CSPR,;Casper Sleep Inc
CSSE,;Chicken Soup for the Soul Entertainment Inc
CSTM,;Constellium SE
CSX,;CSX Corporation
CTAS,;Cintas Corporation
CTIB,;Yunhong CTI Ltd
CTSH,;Cognizant Technology Solutions Corporation
CTVA,;Corteva Inc
CTXS,;Citrix Systems Inc
CUEN,;Cuentas Inc
CUK,;Carnival Corporation & plc
CURI,;CuriosityStream Inc
CVA,;Covanta Holding Corporation
CVBF,;CVB Financial Corp
CVGI,;Commercial Vehicle Group Inc
CVI,;CVR Energy Inc
CVLT,;Commvault Systems Inc
CVNA,;Carvana Co
CVX,;Chevron Corporation
CWEN,;Clearway Energy Inc
CWEN-A,;Clearway Energy Inc
CWH,;Camping World Holdings Inc
CWK,;Cushman & Wakefield plc
CXM,;Sprinklr Inc
CYRN,;Cyren Ltd
CZR,;Caesars Entertainment Inc
D,;Dominion Energy Inc
DADA,;Dada Nexus Limited
DAL,;Delta Air Lines Inc
DAN,;Dana Incorporated
DAR,;Darling Ingredients Inc
DASH,;DoorDash Inc
DB,;Deutsche Bank Aktiengesellschaft
DBD,;Diebold Nixdorf Incorporated
DBGI,;Digital Brands Group Inc
DBI,;Designer Brands Inc
DBX,;Dropbox Inc
DCI,;Donaldson Company Inc
DCP,;DCP Midstream LP
DD,;DuPont de Nemours Inc
DDD,;3D Systems Corporation
DDL,;Dingdong Limited
DDOG,;Datadog Inc
DE,;Deere & Company
DECK,;Deckers Outdoor Corporation
DELL,;Dell Technologies Inc
DEN,;Denbury Inc
DENN,;Denny's Corporation
DG,;Dollar General Corporation
DGLY,;Digital Ally Inc
DHI,;DR Horton Inc
DIBS,;1stdibsCom Inc
DIDI,;DiDi Global Inc
DIS,;The Walt Disney Company
DISCA,;Discovery Inc
DISCK,;Discovery Inc
DISH,;DISH Network Corporation
DK,;Delek US Holdings Inc
DKNG,;DraftKings Inc
DKS,;DICK'S Sporting Goods Inc
DLB,;Dolby Laboratories Inc
DLTR,;Dollar Tree Inc
DM,;Desktop Metal Inc
DNB,;Dun & Bradstreet Holdings Inc
DNMR,;Danimer Scientific Inc
DNOW,;NOW Inc
DNUT,;Krispy Kreme Inc
DOCN,;DigitalOcean Holdings Inc
DOCU,;DocuSign Inc
DOV,;Dover Corporation
DOW,;Dow Inc
DOX,;Amdocs Limited
DOYU,;DouYu International Holdings Limited
DPW,;Ault Global Holdings Inc
DPZ,;Domino's Pizza Inc
DQ,;Daqo New Energy Corp
DRI,;Darden Restaurants Inc
DS,;Drive Shack Inc
DSS,;Document Security Systems Inc
DT,;Dynatrace Inc
DTE,;DTE Energy Company
DTM,;DT Midstream Inc
DUK,;Duke Energy Corporation
DV,;DoubleVerify Holdings Inc
DVN,;Devon Energy Corporation
DXC,;DXC Technology Company
EA,;Electronic Arts Inc
EAF,;GrafTech International Ltd
EAT,;Brinker International Inc
EB,;Eventbrite Inc
EBAY,;eBay Inc
EBC,;Eastern Bankshares Inc
EBON,;Ebang International Holdings Inc
ECHO,;Echo Global Logistics Inc
ECL,;Ecolab Inc
ED,;Consolidated Edison Inc
EDR,;Endeavor Group Holdings Inc
EDU,;New Oriental Education & Technology Group Inc
EFC,;Ellington Financial Inc
EFOI,;Energy Focus Inc
EFX,;Equifax Inc
EGHT,;8x8 Inc
EGLE,;Eagle Bulk Shipping Inc
EH,;EHang Holdings Limited
EIX,;Edison International
EL,;The Estee Lauder Companies Inc
ELF,;elf Beauty Inc
ELSE,;Electro-Sensors Inc
ELTK,;Eltek Ltd
ELY,;Callaway Golf Company
EM,;Smart Share Global Limited
EMAN,;eMagin Corporation
EMKR,;EMCORE Corporation
EMN,;Eastman Chemical Company
EMR,;Emerson Electric Co
ENBL,;Enable Midstream Partners LP
ENG,;ENGlobal Corporation
ENLC,;EnLink Midstream LLC
ENPH,;Enphase Energy Inc
ENR,;Energizer Holdings Inc
ENSV,;Enservco Corporation
ENTG,;Entegris Inc
ENV,;Envestnet Inc
EOG,;EOG Resources Inc
EPD,;Enterprise Products Partners LP
EQT,;EQT Corporation
ERII,;Energy Recovery Inc
ES,;Eversource Energy
ESGC,;Eros STX Global Corporation
ESI,;Element Solutions Inc
ESTC,;Elastic NV
ESTE,;Earthstone Energy Inc
ET,;Energy Transfer LP
ETR,;Entergy Corporation
ETRN,;Equitrans Midstream Corporation
ETSY,;Etsy Inc
ETWO,;E2open Parent Holdings Inc
EVC,;Entravision Communications Corporation
EVCM,;EverCommerce Inc
EVGO,;EVgo Inc
EVK,;Ever-Glory International Group Inc
EVRG,;Evergy Inc
EVRI,;Everi Holdings Inc
EWBC,;East West Bancorp Inc
EXC,;Exelon Corporation
EXPD,;Expeditors International of Washington Inc
EXPE,;Expedia Group Inc
EXPI,;eXp World Holdings Inc
EXPR,;Express Inc
EXTN,;Exterran Corporation
EXTR,;Extreme Networks Inc
EZGO,;EZGO Technologies Ltd
F,;Ford Motor Company
FAMI,;Farmmi Inc
FANG,;Diamondback Energy Inc
FAST,;Fastenal Company
FB,;Facebook Inc
FBC,;Flagstar Bancorp Inc
FBHS,;Fortune Brands Home & Security Inc
FBP,;First BanCorp
FC,;Franklin Covey Co
FCEL,;FuelCell Energy Inc
FCF,;First Commonwealth Financial Corporation
FCX,;Freeport-McMoRan Inc
FDX,;FedEx Corporation
FE,;FirstEnergy Corp
FEYE,;FireEye Inc
FFBC,;First Financial Bancorp
FFIN,;First Financial Bankshares Inc
FFIV,;F5 Networks Inc
FHB,;First Hawaiian Inc
FHN,;First Horizon Corporation
FIGS,;FIGS Inc
FIS,;Fidelity National Information Services Inc
FISV,;Fiserv Inc
FITB,;Fifth Third Bancorp
FIVE,;Five Below Inc
FIVN,;Five9 Inc
FIZZ,;National Beverage Corp
FL,;Foot Locker Inc
FLMN,;Falcon Minerals Corporation
FLO,;Flowers Foods Inc
FLR,;Fluor Corporation
FLS,;Flowserve Corporation
FLT,;FLEETCOR Technologies Inc
FLWS,;1-800-FLOWERSCOM Inc
FMBI,;First Midwest Bancorp Inc
FMC,;FMC Corporation
FNB,;FNB Corporation
FND,;Floor & Decor Holdings Inc
FNKO,;Funko Inc
FOE,;Ferro Corporation
FORD,;Forward Industries Inc
FORM,;FormFactor Inc
FOSL,;Fossil Group Inc
FOUR,;Shift4 Payments Inc
FOX,;Fox Corporation
FOXA,;Fox Corporation
FRC,;First Republic Bank
FROG,;JFrog Ltd
FRPT,;Freshpet Inc
FRSX,;Foresight Autonomous Holdings Ltd
FSLR,;First Solar Inc
FSLY,;Fastly Inc
FSR,;Fisker Inc
FTCI,;FTC Solar Inc
FTDR,;frontdoor inc
FTEK,;Fuel Tech Inc
FTFT,;Future FinTech Group Inc
FTNT,;Fortinet Inc
FTV,;Fortive Corporation
FUBO,;fuboTV Inc
FULT,;Fulton Financial Corporation
FUV,;Arcimoto Inc
FVRR,;Fiverr International Ltd
FWONK,;Formula One Group
FYBR,;Frontier Communications Parent Inc
GATO,;Gatos Silver Inc
GBCI,;Glacier Bancorp Inc
GBOX,;GreenBox POS
GBR,;New Concept Energy Inc
GBX,;The Greenbrier Companies Inc
GCI,;Gannett Co Inc
GD,;General Dynamics Corporation
GDDY,;GoDaddy Inc
GDS,;GDS Holdings Limited
GDYN,;Grid Dynamics Holdings Inc
GE,;General Electric Company
GEL,;Genesis Energy LP
GES,;Guess' Inc
GEVO,;Gevo Inc
GGG,;Graco Inc
GILT,;Gilat Satellite Networks Ltd
GIS,;General Mills Inc
GLBE,;Global-E Online Ltd
GLW,;Corning Incorporated
GM,;General Motors Company
GME,;GameStop Corp
GNK,;Genco Shipping & Trading Limited
GNOG,;Golden Nugget Online Gaming Inc
GNRC,;Generac Holdings Inc
GNTX,;Gentex Corporation
GNUS,;Genius Brands International Inc
GO,;Grocery Outlet Holding Corp
GOED,;1847 Goedeker Inc
GOEV,;Canoo Inc
GOGO,;Gogo Inc
GOOG,;Alphabet Inc
GOOGL,;Alphabet Inc
GORO,;Gold Resource Corporation
GOTU,;Gaotu Techedu Inc
GPC,;Genuine Parts Company
GPK,;Graphic Packaging Holding Company
GPN,;Global Payments Inc
GPRE,;Green Plains Inc
GPRO,;GoPro Inc
GPS,;The Gap Inc
GRA,;W R Grace & Co
GRBK,;Green Brick Partners Inc
GRIL,;Muscle Maker Inc
GROM,;Grom Social Enterprises Inc
GRPN,;Groupon Inc
GRWG,;GrowGeneration Corp
GSAT,;Globalstar Inc
GSKY,;GreenSky Inc
GT,;The Goodyear Tire & Rubber Company
GTES,;Gates Industrial Corporation plc
GTLS,;Chart Industries Inc
GTN,;Gray Television Inc
H,;Hyatt Hotels Corporation
HA,;Hawaiian Holdings Inc
HAIN,;The Hain Celestial Group Inc
HAL,;Halliburton Company
HAS,;Hasbro Inc
HAYW,;Hayward Holdings Inc
HBAN,;Huntington Bancshares Incorporated
HBI,;Hanesbrands Inc
HCC,;Warrior Met Coal Inc
HCDI,;Harbor Custom Development Inc
HD,;The Home Depot Inc
HDSN,;Hudson Technologies Inc
HES,;Hess Corporation
HFC,;HollyFrontier Corporation
HGV,;Hilton Grand Vacations Inc
HIBB,;Hibbett Sports Inc
HIL,;Hill International Inc
HIMS,;Hims & Hers Health Inc
HL,;Hecla Mining Company
HLF,;Herbalife Nutrition Ltd
HLIT,;Harmonic Inc
HLT,;Hilton Worldwide Holdings Inc
HLX,;Helix Energy Solutions Group Inc
HMC,;Honda Motor Co Ltd
HMHC,;Houghton Mifflin Harcourt Company
HNST,;The Honest Company Inc Common Stock
HOFV,;Hall of Fame Resort & Entertainment Company
HOG,;Harley-Davidson Inc
HOMB,;Home Bancshares Inc (Conway AR)
HOME,;At Home Group Inc
HON,;Honeywell International Inc
HOPE,;Hope Bancorp Inc
HP,;Helmerich & Payne Inc
HPE,;Hewlett Packard Enterprise Company
HPQ,;HP Inc
HRB,;H&R Block Inc
HRL,;Hormel Foods Corporation
HSC,;Harsco Corporation
HSY,;The Hershey Company
HTGC,;Hercules Capital Inc
HTH,;Hilltop Holdings Inc
HTHT,;Huazhu Group Limited
HTLD,;Heartland Express Inc
HUBS,;HubSpot Inc
HUN,;Huntsman Corporation
HUSA,;Houston American Energy Corp
HUYA,;HUYA Inc
HWC,;Hancock Whitney Corporation
HWM,;Howmet Aerospace Inc
HXL,;Hexcel Corporation
HYFM,;Hydrofarm Holdings Group Inc
HYLN,;Hyliion Holdings Corp
HYRE,;HyreCar Inc
IAA,;IAA Inc
IAC,;IAC/InterActiveCorp
IBM,;International Business Machines Corporation
ICON,;Iconix Brand Group Inc
IDEX,;Ideanomics Inc
IDT,;IDT Corporation
IEA,;Infrastructure and Energy Alternatives Inc
IFBD,;Infobird Co Ltd
IFF,;International Flavors & Fragrances Inc
IGC,;India Globalization Capital Inc
IHRT,;iHeartMedia Inc
III,;Information Services Group Inc
IIIN,;Insteel Industries Inc
IIVI,;II-VI Incorporated
IKNX,;IKONICS Corporation
IMMR,;Immersion Corporation
INDI,;indie Semiconductor
INFN,;Infinera Corporation
INGR,;Ingredion Incorporated
INPX,;Inpixon
INSG,;Inseego Corp
INT,;World Fuel Services Corporation
INTC,;Intel Corporation
INTU,;Intuit Inc
IO,;ION Geophysical Corporation
IP,;International Paper Company
IPDN,;Professional Diversity Network Inc
IPGP,;IPG Photonics Corporation
IQ,;iQIYI Inc
IR,;Ingersoll Rand Inc
IRBT,;iRobot Corporation
IRDM,;Iridium Communications Inc
IS,;ironSource Ltd
ISBC,;Investors Bancorp Inc
IT,;Gartner Inc
ITP,;IT Tech Packaging Inc
ITRI,;Itron Inc
ITT,;ITT Inc
ITW,;Illinois Tool Works Inc
IZEA,;IZEA Worldwide Inc
J,;Jacobs Engineering Group Inc
JACK,;Jack in the Box Inc
JAKK,;JAKKS Pacific Inc
JAMF,;Jamf Holding Corp
JAX,;J Alexander's Holdings Inc
JBHT,;JB Hunt Transport Services Inc
JBL,;Jabil Inc
JBLU,;JetBlue Airways Corporation
JCOM,;J2 Global Inc
JD,;JDcom Inc
JELD,;JELD-WEN Holding Inc
JFU,;9F Inc
JG,;Aurora Mobile Limited
JKS,;JinkoSolar Holding Co Ltd
JLL,;Jones Lang LaSalle Incorporated
JMIA,;Jumia Technologies AG
JNPR,;Juniper Networks Inc
JOAN,;JOANN Inc
JOB,;GEE Group Inc
JOBS,;51job Inc
JPM,;JPMorgan Chase & Co
JRSH,;Jerash Holdings (US) Inc
JWN,;Nordstrom Inc
JZXN,;Jiuzi Holdings Inc
K,;Kellogg Company
KAR,;KAR Auction Services Inc
KBH,;KB Home
KBR,;KBR Inc
KBSF,;KBS Fashion Group Limited
KC,;Kingsoft Cloud Holdings Limited
KDP,;Keurig Dr Pepper Inc
KEX,;Kirby Corporation
KEY,;KeyCorp
KEYS,;Keysight Technologies Inc
KHC,;The Kraft Heinz Company
KIRK,;Kirkland's Inc
KLAC,;KLA Corporation
KMB,;Kimberly-Clark Corporation
KMI,;Kinder Morgan Inc
KMT,;Kennametal Inc
KMX,;CarMax Inc
KN,;Knowles Corporation
KNDI,;Kandi Technologies Group Inc
KNL,;Knoll Inc
KNX,;Knight-Swift Transportation Holdings Inc
KO,;The Coca-Cola Company
KODK,;Eastman Kodak Company
KOPN,;Kopin Corporation
KOS,;Kosmos Energy Ltd
KOSS,;Koss Corporation
KPLT,;Katapult Holdings Inc
KR,;The Kroger Co
KSS,;Kohl's Corporation
KSU,;Kansas City Southern
KTB,;Kontoor Brands Inc
KTOS,;Kratos Defense & Security Solutions Inc
KULR,;KULR Technology Group Inc
KW,;Kennedy-Wilson Holdings Inc
KXIN,;Kaixin Auto Holdings
LAIX,;LAIX Inc
LAUR,;Laureate Education Inc
LAZR,;Luminar Technologies Inc
LB,;L Brands Inc
LBRDK,;Liberty Broadband Corporation
LBRT,;Liberty Oilfield Services Inc
LDI,;loanDepot Inc
LDL,;Lydall Inc
LDOS,;Leidos Holdings Inc
LECO,;Lincoln Electric Holdings Inc
LEG,;Leggett & Platt Incorporated
LEN,;Lennar Corporation
LESL,;Leslie's Inc
LEVI,;Levi Strauss & Co
LGF-A,;Lions Gate Entertainment Corp
LGF-B,;Lions Gate Entertainment Corp
LHX,;L3Harris Technologies Inc
LI,;Li Auto Inc
LILAK,;Liberty Latin America Ltd
LITE,;Lumentum Holdings Inc
LIVX,;LiveXLive Media Inc
LIZI,;Lizhi Inc
LKCO,;Luokung Technology Corp
LKQ,;LKQ Corporation
LL,;Lumber Liquidators Holdings Inc
LLNW,;Limelight Networks Inc
LMT,;Lockheed Martin Corporation
LNG,;Cheniere Energy Inc
LNT,;Alliant Energy Corporation
LOB,;Live Oak Bancshares Inc
LOCO,;El Pollo Loco Holdings Inc
LODE,;Comstock Mining Inc
LOTZ,;CarLotz Inc
LOVE,;The Lovesac Company
LOW,;Lowe's Companies Inc
LPG,;Dorian LPG Ltd
LPI,;Laredo Petroleum Inc
LPTH,;LightPath Technologies Inc
LPX,;Louisiana-Pacific Corporation
LRCX,;Lam Research Corporation
LRN,;Stride Inc
LSCC,;Lattice Semiconductor Corporation
LSXMA,;The Liberty SiriusXM Group
LSXMK,;The Liberty SiriusXM Group
LTCH,;Latch Inc
LTHM,;Livent Corporation
LTRPA,;Liberty TripAdvisor Holdings Inc
LUMN,;Lumen Technologies Inc
LUV,;Southwest Airlines Co
LVS,;Las Vegas Sands Corp
LW,;Lamb Weston Holdings Inc
LYB,;LyondellBasell Industries NV
LYFT,;Lyft Inc
LYV,;Live Nation Entertainment Inc
LZ,;LegalZoomcom Inc
M,;Macy's Inc
MAR,;Marriott International Inc
MARK,;Remark Holdings Inc
MAS,;Masco Corporation
MAT,;Mattel Inc
MATX,;Matson Inc
MAXR,;Maxar Technologies Inc
MCD,;McDonald's Corporation
MCF,;Contango Oil & Gas Company
MCFE,;McAfee Corp
MCHP,;Microchip Technology Incorporated
MCS,;The Marcus Corporation
MDB,;MongoDB Inc
MDC,;MDC Holdings Inc
MDLA,;Medallia Inc
MDLZ,;Mondelez International Inc
MDP,;Meredith Corporation
MDU,;MDU Resources Group Inc
MESA,;Mesa Air Group Inc
METX,;Meten EdtechX Education Group Ltd
MFG,;Mizuho Financial Group Inc
MGM,;MGM Resorts International
MGY,;Magnolia Oil & Gas Corporation
MHK,;Mohawk Industries Inc
MIC,;Macquarie Infrastructure Corporation
MICT,;MICT Inc
MIDD,;The Middleby Corporation
MIND,;MIND Technology Inc
MITK,;Mitek Systems Inc
MKC,;McCormick & Company Incorporated
MKD,;Molecular Data Inc
MKSI,;MKS Instruments Inc
MLHR,;Herman Miller Inc
MLM,;Martin Marietta Materials Inc
MMM,;3M Company
MMP,;Magellan Midstream Partners LP
MMS,;Maximus Inc
MNSO,;MINISO Group Holding Limited
MNST,;Monster Beverage Corporation
MNTV,;Momentive Global Inc
MO,;Altria Group Inc
MOMO,;Momo Inc
MOS,;The Mosaic Company
MOSY,;MoSys Inc
MP,;MP Materials Corp
MPC,;Marathon Petroleum Corporation
MPLX,;MPLX LP
MQ,;Marqeta Inc
MRC,;MRC Global Inc
MRCY,;Mercury Systems Inc
MRIN,;Marin Software Incorporated
MRO,;Marathon Oil Corporation
MRTN,;Marten Transport Ltd
MRVL,;Marvell Technology Inc
MSFT,;Microsoft Corporation
MSGN,;MSG Networks Inc
MSI,;Motorola Solutions Inc
MSM,;MSC Industrial Direct Co Inc
MSTR,;MicroStrategy Incorporated
MTB,;M&T Bank Corporation
MTC,;Mmtec Inc
MTCH,;Match Group Inc
MTDR,;Matador Resources Company
MTOR,;Meritor Inc
MTSI,;MACOM Technology Solutions Holdings Inc
MTZ,;MasTec Inc
MU,;Micron Technology Inc
MUFG,;Mitsubishi UFJ Financial Group Inc
MUR,;Murphy Oil Corporation
MVIS,;MicroVision Inc
MWA,;Mueller Water Products Inc
MXIM,;Maxim Integrated Products Inc
MXL,;MaxLinear Inc
MYSZ,;My Size Inc
MYTE,;MYT Netherlands Parent BV
NATI,;National Instruments Corporation
NAV,;Navistar International Corporation
NBEV,;NewAge Inc
NCLH,;Norwegian Cruise Line Holdings Ltd
NCNO,;nCino Inc
NCR,;NCR Corporation
NCTY,;The9 Limited
NEE,;NextEra Energy Inc
NEGG,;Newegg Commerce Inc
NEM,;Newmont Corporation
NEP,;NextEra Energy Partners LP
NET,;Cloudflare Inc
NEW,;Puxin Limited
NEWA,;Newater Technology Inc
NEWR,;New Relic Inc
NEX,;NexTier Oilfield Solutions Inc
NEXT,;NextDecade Corporation
NFE,;New Fortress Energy Inc
NFG,;National Fuel Gas Company
NFLX,;Netflix Inc
NGL,;NGL Energy Partners LP
NI,;NiSource Inc
NICE,;NICE Ltd
NIO,;NIO Inc
NIU,;Niu Technologies
NJR,;New Jersey Resources Corporation
NKE,;NIKE Inc
NKLA,;Nikola Corporation
NLOK,;NortonLifeLock Inc
NLS,;Nautilus Inc
NLSN,;Nielsen Holdings plc
NMRK,;Newmark Group Inc
NNDM,;Nano Dimension Ltd
NOC,;Northrop Grumman Corporation
NOG,;Northern Oil and Gas Inc
NOK,;Nokia Corporation
NOV,;NOV Inc
NOVA,;Sunnova Energy International Inc
NOW,;ServiceNow Inc
NR,;Newpark Resources Inc
NRG,;NRG Energy Inc
NS,;NuStar Energy LP
NSC,;Norfolk Southern Corporation
NTAP,;NetApp Inc
NTCT,;NetScout Systems Inc
NTES,;NetEase Inc
NTNX,;Nutanix Inc
NUAN,;Nuance Communications Inc
NUE,;Nucor Corporation
NUS,;Nu Skin Enterprises Inc
NVDA,;NVIDIA Corporation
NVFY,;Nova LifeStyle Inc
NWBI,;Northwest Bancshares Inc
NWL,;Newell Brands Inc
NWS,;News Corporation
NWSA,;News Corporation
NXTD,;Nxt-ID Inc
NYCB,;New York Community Bancorp Inc
NYT,;The New York Times Company
OC,;Owens Corning
OCFT,;OneConnect Financial Technology Co Ltd
ODFL,;Old Dominion Freight Line Inc
ODP,;The ODP Corporation
OEG,;Orbital Energy Group Inc
OGE,;OGE Energy Corp
OI,;O-I Glass Inc
OII,;Oceaneering International Inc
OIS,;Oil States International Inc
OKE,;ONEOK Inc
OKTA,;Okta Inc
OLLI,;Ollie's Bargain Outlet Holdings Inc
OLN,;Olin Corporation
OMP,;Oasis Midstream Partners LP
ON,;ON Semiconductor Corporation
ONB,;Old National Bancorp
ONDS,;Ondas Holdings Inc
ONE,;OneSmart International Education Group Limited
ONTF,;ON24 Inc
OOMA,;Ooma Inc
OPEN,;Opendoor Technologies Inc
OPTT,;Ocean Power Technologies Inc
ORAN,;Orange SA
ORCL,;Oracle Corporation
ORGN,;Origin Materials Inc
ORLY,;O'Reilly Automotive Inc
OSAT,;Orbsat Corp
OSG,;Overseas Shipholding Group Inc
OSK,;Oshkosh Corporation
OSTK,;Overstockcom Inc
OTIS,;Otis Worldwide Corporation
OUST,;Ouster Inc
OVV,;Ovintiv Inc
OXY,;Occidental Petroleum Corporation
OZK,;Bank OZK
PAA,;Plains All American Pipeline LP
PACW,;PacWest Bancorp
PAE,;PAE Incorporated
PAGP,;Plains GP Holdings LP
PANW,;Palo Alto Networks Inc
PARR,;Par Pacific Holdings Inc
PATH,;UiPath Inc
PAYA,;Paya Holdings Inc
PAYC,;Paycom Software Inc
PAYX,;Paychex Inc
PBCT,;People's United Financial Inc
PBF,;PBF Energy Inc
PBI,;Pitney Bowes Inc
PBTS,;Powerbridge Technologies Co Ltd
PCAR,;PACCAR Inc
PCG,;PG&E Corporation
PCT,;PureCycle Technologies Inc
PD,;PagerDuty Inc
PDCE,;PDC Energy Inc
PDD,;Pinduoduo Inc
PEG,;Public Service Enterprise Group Incorporated
PENN,;Penn National Gaming Inc
PEP,;PepsiCo Inc
PERI,;Perion Network Ltd
PFGC,;Performance Food Group Company
PFIE,;Profire Energy Inc
PFMT,;Performant Financial Corporation
PFPT,;Proofpoint Inc
PFSI,;PennyMac Financial Services Inc
PG,;The Procter & Gamble Company
PH,;Parker-Hannifin Corporation
PHM,;PulteGroup Inc
PHUN,;Phunware Inc
PHX,;PHX Minerals Inc
PII,;Polaris Inc
PING,;Ping Identity Holding Corp
PINS,;Pinterest Inc
PIXY,;ShiftPixy Inc
PKG,;Packaging Corporation of America
PLAB,;Photronics Inc
PLAN,;Anaplan Inc
PLAY,;Dave & Buster's Entertainment Inc
PLBY,;PLBY Group Inc
PLCE,;The Children's Place Inc
PLIN,;China Xiangtai Food Co Ltd
PLNT,;Planet Fitness Inc
PLTK,;Playtika Holding Corp
PLTR,;Palantir Technologies Inc
PLUG,;Plug Power Inc
PLYA,;Playa Hotels & Resorts NV
PM,;Philip Morris International Inc
PNC,;The PNC Financial Services Group Inc
PNM,;PNM Resources Inc
PNW,;Pinnacle West Capital Corporation
POLA,;Polar Power Inc
POR,;Portland General Electric Company
POSH,;Poshmark Inc
POWI,;Power Integrations Inc
POWW,;AMMO Inc
PPC,;Pilgrim's Pride Corporation
PPG,;PPG Industries Inc
PPL,;PPL Corporation
PPSI,;Pioneer Power Solutions Inc
PRCH,;Porch Group Inc
PRDO,;Perdoceo Education Corporation
PRG,;PROG Holdings Inc
PRLB,;Proto Labs Inc
PRMW,;Primo Water Corporation
PRO,;PROS Holdings Inc
PRPL,;Purple Innovation Inc
PRTS,;CarPartscom Inc
PRTY,;Party City Holdco Inc
PSTG,;Pure Storage Inc
PSX,;Phillips 66
PSXP,;Phillips 66 Partners LP
PTC,;PTC Inc
PTEN,;Patterson-UTI Energy Inc
PTON,;Peloton Interactive Inc
PTR,;PetroChina Company Limited
PTRA,;Proterra Inc
PUBM,;PubMatic Inc
PUMP,;ProPetro Holding Corp
PVAC,;Penn Virginia Corporation
PVH,;PVH Corp
PWR,;Quanta Services Inc
PXD,;Pioneer Natural Resources Company
PXLW,;Pixelworks Inc
QADA,;QAD Inc
QCOM,;QUALCOMM Incorporated
QK,;Q&K International Group Limited
QMCO,;Quantum Corporation
QRTEA,;Qurate Retail Inc
QRVO,;Qorvo Inc
QS,;QuantumScape Corporation
QTT,;Qutoutiao Inc
QUAD,;Quad/Graphics Inc
QUMU,;Qumu Corporation
R,;Ryder System Inc
RAAS,;Cloopen Group Holding Limited
RADI,;Radius Global Infrastructure Inc
RAIL,;FreightCar America Inc
RAMP,;LiveRamp Holdings Inc
RAVE,;RAVE Restaurant Group Inc
RAVN,;Raven Industries Inc
RBLX,;Roblox Corporation
RCII,;Rent-A-Center Inc
RCL,;Royal Caribbean Group
RCON,;Recon Technology Ltd
RCRT,;Recruitercom Group Inc
RDFN,;Redfin Corporation
REAL,;The RealReal Inc
REED,;Reed's Inc
REGI,;Renewable Energy Group Inc
REI,;Ring Energy Inc
REKR,;Rekor Systems Inc
RES,;RPC Inc
RESN,;Resonant Inc
RETO,;ReTo Eco-Solutions Inc
REZI,;Resideo Technologies Inc
RF,;Regions Financial Corporation
RGLD,;Royal Gold Inc
RGR,;Sturm Ruger & Company Inc
RH,;RH
RHI,;Robert Half International Inc
RIDE,;Lordstown Motors Corp
RIOT,;Riot Blockchain Inc
RKDA,;Arcadia Biosciences Inc
RKT,;Rocket Companies Inc
RL,;Ralph Lauren Corporation
RLGY,;Realogy Holdings Corp
RLX,;RLX Technology Inc
RMBS,;Rambus Inc
RMNI,;Rimini Street Inc
RMO,;Romeo Power Inc
RNG,;RingCentral Inc
RNWK,;RealNetworks Inc
ROK,;Rockwell Automation Inc
ROKU,;Roku Inc
ROL,;Rollins Inc
ROP,;Roper Technologies Inc
ROST,;Ross Stores Inc
RPAY,;Repay Holdings Corporation
RPM,;RPM International Inc
RRC,;Range Resources Corporation
RRD,;R R Donnelley & Sons Company
RRR,;Red Rock Resorts Inc
RS,;Reliance Steel & Aluminum Co
RSG,;Republic Services Inc
RSI,;Rush Street Interactive Inc
RTX,;Raytheon Technologies Corporation
RUN,;Sunrun Inc
RUTH,;Ruth's Hospitality Group Inc
RVLV,;Revolve Group Inc
RXT,;Rackspace Technology Inc
RYAM,;Rayonier Advanced Materials Inc
S,;SentinelOne Inc
SABR,;Sabre Corporation
SAIC,;Science Applications International Corporation
SAIL,;SailPoint Technologies Holdings Inc
SAM,;The Boston Beer Company Inc
SAP,;SAP SE
SATS,;EchoStar Corporation
SAVE,;Spirit Airlines Inc
SBEV,;Splash Beverage Group Inc
SBGI,;Sinclair Broadcast Group Inc
SBH,;Sally Beauty Holdings Inc
SBUX,;Starbucks Corporation
SCCO,;Southern Copper Corporation
SCI,;Service Corporation International
SCS,;Steelcase Inc
SD,;SandRidge Energy Inc
SEAC,;SeaChange International Inc
SEAS,;SeaWorld Entertainment Inc
SEDG,;SolarEdge Technologies Inc
SEE,;Sealed Air Corporation
SFET,;Safe-T Group Ltd
SFIX,;Stitch Fix Inc
SFM,;Sprouts Farmers Market Inc
SFNC,;Simmons First National Corporation
SFT,;Shift Technologies Inc
SGMS,;Scientific Games Corporation
SHAK,;Shake Shack Inc
SHEN,;Shenandoah Telecommunications Company
SHLS,;Shoals Technologies Group Inc
SHLX,;Shell Midstream Partners LP
SHOO,;Steven Madden Ltd
SHW,;The Sherwin-Williams Company
SI,;Silvergate Capital Corporation
SIRI,;Sirius XM Holdings Inc
SITE,;SiteOne Landscape Supply Inc
SIVB,;SVB Financial Group
SIX,;Six Flags Entertainment Corporation
SJI,;South Jersey Industries Inc
SJM,;The J M Smucker Company
SJT,;San Juan Basin Royalty Trust
SKIL,;Skillsoft Corp
SKIN,;The Beauty Health Company
SKLZ,;Skillz Inc
SKX,;Skechers USA Inc
SLB,;Schlumberger Limited
SLCA,;US Silica Holdings Inc
SLGG,;Super League Gaming Inc
SM,;SM Energy Company
SMAR,;Smartsheet Inc
SMFG,;Sumitomo Mitsui Financial Group Inc
SMG,;The Scotts Miracle-Gro Company
SMPL,;The Simply Good Foods Company
SMTC,;Semtech Corporation
SNA,;Snap-on Incorporated
SNAP,;Snap Inc
SNBR,;Sleep Number Corporation
SNCR,;Synchronoss Technologies Inc
SNDR,;Schneider National Inc
SNES,;SenesTech Inc
SNMP,;Evolve Transition Infrastructure LP
SNOW,;Snowflake Inc
SNPS,;Synopsys Inc
SNV,;Synovus Financial Corp
SO,;The Southern Company
SOGO,;Sogou Inc
SOHU,;Sohucom Limited
SOL,;ReneSola Ltd
SON,;Sonoco Products Company
SONM,;Sonim Technologies Inc
SONO,;Sonos Inc
SONY,;Sony Group Corporation
SOS,;SOS Limited
SPCB,;SuperCom Ltd
SPCE,;Virgin Galactic Holdings Inc
SPH,;Suburban Propane Partners LP
SPLK,;Splunk Inc
SPR,;Spirit AeroSystems Holdings Inc
SPRT,;Supportcom Inc
SPT,;Sprout Social Inc
SPTN,;SpartanNash Company
SPWH,;Sportsman's Warehouse Holdings Inc
SPWR,;SunPower Corporation
SQ,;Square Inc
SQBG,;Sequential Brands Group Inc
SQSP,;Squarespace Inc
SRCL,;Stericycle Inc
SRE,;Sempra Energy
SREV,;ServiceSource International Inc
SSNC,;SS&C Technologies Holdings Inc
SSYS,;Stratasys Ltd
ST,;Sensata Technologies Holding plc
STAF,;Staffing 360 Solutions Inc
STEM,;Stem Inc
STG,;Sunlands Technology Group
STL,;Sterling Bancorp
STLD,;Steel Dynamics Inc
STRL,;Sterling Construction Company Inc
STZ,;Constellation Brands Inc
SUM,;Summit Materials Inc
SUMO,;Sumo Logic Inc
SUN,;Sunoco LP
SUNW,;Sunworks Inc
SUP,;Superior Industries International Inc
SWBI,;Smith & Wesson Brands Inc
SWCH,;Switch Inc
SWI,;SolarWinds Corporation
SWIM,;Latham Group Inc
SWK,;Stanley Black & Decker Inc
SWKS,;Skyworks Solutions Inc
SWN,;Southwestern Energy Company
SWX,;Southwest Gas Holdings Inc
SXC,;SunCoke Energy Inc
SYNA,;Synaptics Incorporated
SYPR,;Sypris Solutions Inc
SYY,;Sysco Corporation
T,;AT&T Inc
TAL,;TAL Education Group
TALO,;Talos Energy Inc
TANH,;Tantech Holdings Ltd
TAP,;Molson Coors Beverage Company
TASK,;TaskUs Inc
TATT,;TAT Technologies Ltd
TBBK,;The Bancorp Inc
TBLT,;ToughBuilt Industries Inc
TCOM,;Tripcom Group Limited
TCS,;The Container Store Group Inc
TDC,;Teradata Corporation
TDS,;Telephone and Data Systems Inc
TEDU,;Tarena International Inc
TELL,;Tellurian Inc
TEN,;Tenneco Inc
TENB,;Tenable Holdings Inc
TER,;Teradyne Inc
TEX,;Terex Corporation
TFC,;Truist Financial Corporation
TGI,;Triumph Group Inc
TGNA,;TEGNA Inc
TGT,;Target Corporation
TH,;Target Hospitality Corp
THO,;Thor Industries Inc
THS,;TreeHouse Foods Inc
TJX,;The TJX Companies Inc
TKR,;The Timken Company
TLS,;Telos Corporation
TLYS,;Tilly's Inc
TME,;Tencent Music Entertainment Group
TMHC,;Taylor Morrison Home Corporation
TMST,;TimkenSteel Corporation
TMUS,;T-Mobile US Inc
TMX,;Terminix Global Holdings Inc
TNL,;Travel + Leisure Co
TOL,;Toll Brothers Inc
TOUR,;Tuniu Corporation
TPC,;Tutor Perini Corporation
TPH,;Tri Pointe Homes Inc
TPIC,;TPI Composites Inc
TPR,;Tapestry Inc
TPX,;Tempur Sealy International Inc
TREX,;Trex Company Inc
TRGP,;Targa Resources Corp
TRIP,;TripAdvisor Inc
TRMB,;Trimble Inc
TRN,;Trinity Industries Inc
TROX,;Tronox Holdings plc
TRU,;TransUnion
TRUE,;TrueCar Inc
TRVG,;trivago NV
TSCO,;Tractor Supply Company
TSLA,;Tesla Inc
TSN,;Tyson Foods Inc
TSP,;TuSimple Holdings Inc
TTC,;The Toro Company
TTCF,;Tattooed Chef Inc
TTD,;The Trade Desk Inc
TTE,;TotalEnergies SE
TTEK,;Tetra Tech Inc
TTI,;TETRA Technologies Inc
TTMI,;TTM Technologies Inc
TTWO,;Take-Two Interactive Software Inc
TUP,;Tupperware Brands Corporation
TUYA,;Tuya Inc
TWI,;Titan International Inc
TWLO,;Twilio Inc
TWNK,;Hostess Brands Inc
TWOU,;2U Inc
TWTR,;Twitter Inc
TXN,;Texas Instruments Incorporated
TXRH,;Texas Roadhouse Inc
TXT,;Textron Inc
U,;Unity Software Inc
UA,;Under Armour Inc
UAA,;Under Armour Inc
UAL,;United Airlines Holdings Inc
UAMY,;United States Antimony Corporation
UAVS,;AgEagle Aerial Systems Inc
UBER,;Uber Technologies Inc
UBSI,;United Bankshares Inc
UCTT,;Ultra Clean Holdings Inc
UEC,;Uranium Energy Corp
UFS,;Domtar Corporation
UGI,;UGI Corporation
ULCC,;Frontier Group Holdings Inc
ULTA,;Ulta Beauty Inc
UMPQ,;Umpqua Holdings Corporation
UNFI,;United Natural Foods Inc
UNP,;Union Pacific Corporation
UNVR,;Univar Solutions Inc
UONE,;Urban One Inc
UONEK,;Urban One Inc
UPLD,;Upland Software Inc
UPS,;United Parcel Service Inc
UPWK,;Upwork Inc
URBN,;Urban Outfitters Inc
URG,;Ur-Energy Inc
URI,;United Rentals Inc
USAK,;USA Truck Inc
USB,;US Bancorp
USCR,;US Concrete Inc
USEG,;US Energy Corp
USFD,;US Foods Holding Corp
USWS,;US Well Services Inc
USX,;US Xpress Enterprises Inc
UTME,;United Time Technology Co Ltd
UTZ,;Utz Brands Inc
UUUU,;Energy Fuels Inc
UWMC,;UWM Holdings Corporation
UXIN,;Uxin Limited
VAC,;Marriott Vacations Worldwide Corporation
VERB,;Verb Technology Company Inc
VERI,;Veritone Inc
VERX,;Vertex Inc
VFC,;VF Corporation
VG,;Vonage Holdings Corp
VGR,;Vector Group Ltd
VHC,;VirnetX Holding Corp
VIAC,;ViacomCBS Inc
VIAV,;Viavi Solutions Inc
VIEW,;View Inc
VINO,;Gaucho Group Holdings Inc
VIOT,;Viomi Technology Co Ltd
VIPS,;Vipshop Holdings Limited
VISL,;Vislink Technologies Inc
VITL,;Vital Farms Inc
VLDR,;Velodyne Lidar Inc
VLO,;Valero Energy Corporation
VLY,;Valley National Bancorp
VMC,;Vulcan Materials Company
VMEO,;Vimeo Inc
VMW,;VMware Inc
VNET,;21Vianet Group Inc
VNT,;Vontier Corporation
VOLT,;Volt Information Sciences Inc
VRM,;Vroom Inc
VRNS,;Varonis Systems Inc
VRNT,;Verint Systems Inc
VRRM,;Verra Mobility Corporation
VRSK,;Verisk Analytics Inc
VRSN,;VeriSign Inc
VRT,;Vertiv Holdings Co
VSAT,;Viasat Inc
VSH,;Vishay Intertechnology Inc
VST,;Vistra Corp
VSTO,;Vista Outdoor Inc
VTNR,;Vertex Energy Inc
VUZI,;Vuzix Corporation
VVV,;Valvoline Inc
VZ,;Verizon Communications Inc
VZIO,;VIZIO Holding Corp
W,;Wayfair Inc
WAB,;Westinghouse Air Brake Technologies Corporation
WAFD,;Washington Federal Inc
WAL,;Western Alliance Bancorporation
WATT,;Energous Corporation
WB,;Weibo Corporation
WBS,;Webster Financial Corporation
WBT,;Welbilt Inc
WCC,;WESCO International Inc
WDAY,;Workday Inc
WDC,;Western Digital Corporation
WEC,;WEC Energy Group Inc
WEI,;Weidai Ltd
WEN,;The Wendy's Company
WERN,;Werner Enterprises Inc
WES,;Western Midstream Partners LP
WFC,;Wells Fargo & Company
WGO,;Winnebago Industries Inc
WH,;Wyndham Hotels & Resorts Inc
WHD,;Cactus Inc
WHR,;Whirlpool Corporation
WISH,;ContextLogic Inc
WIX,;Wixcom Ltd
WKHS,;Workhorse Group Inc
WLK,;Westlake Chemical Corporation
WLL,;Whiting Petroleum Corporation
WM,;Waste Management Inc
WMB,;The Williams Companies Inc
WMS,;Advanced Drainage Systems Inc
WMT,;Walmart Inc
WNC,;Wabash National Corporation
WNW,;Wunong Net Technology Company Limited
WOOF,;Petco Health and Wellness Company Inc
WORK,;Slack Technologies Inc
WOW,;WideOpenWest Inc
WRAP,;Wrap Technologies Inc
WRK,;WestRock Company
WSC,;WillScot Mobile Mini Holdings Corp
WSM,;Williams-Sonoma Inc
WTER,;The Alkaline Water Company Inc
WTFC,;Wintrust Financial Corporation
WTI,;W&T Offshore Inc
WTRG,;Essential Utilities Inc
WTRH,;Waitr Holdings Inc
WTT,;Wireless Telecom Group Inc
WW,;WW International Inc
WWE,;World Wrestling Entertainment Inc
WWR,;Westwater Resources Inc
WWW,;Wolverine World Wide Inc
WYNN,;Wynn Resorts Limited
X,;United States Steel Corporation
XEC,;Cimarex Energy Co
XEL,;Xcel Energy Inc
XELA,;Exela Technologies Inc
XELB,;Xcel Brands Inc
XL,;XL Fleet Corp
XLNX,;Xilinx Inc
XM,;Qualtrics International Inc
XMTR,;Xometry Inc
XOM,;Exxon Mobil Corporation
XONE,;The ExOne Company
XPER,;Xperi Holding Corporation
XPEV,;XPeng Inc
XPL,;Solitario Zinc Corp
XPO,;XPO Logistics Inc
XRX,;Xerox Holdings Corporation
XSPA,;XpresSpa Group Inc
XYL,;Xylem Inc
YELL,;Yellow Corporation
YELP,;Yelp Inc
YETI,;YETI Holdings Inc
YEXT,;Yext Inc
YJ,;Yunji Inc
YMM,;Full Truck Alliance Co Ltd
YOU,;Clear Secure Inc
YQ,;17 Education & Technology Group Inc
YSG,;Yatsen Holding Limited
YUM,;Yum! Brands Inc
YUMC,;Yum China Holdings Inc
YY,;JOYY Inc
Z,;Zillow Group Inc
ZEN,;Zendesk Inc
ZETA,;Zeta Global Holdings Corp
ZEV,;Lightning eMotors Inc
ZG,;Zillow Group Inc
ZH,;Zhihu Inc
ZI,;ZoomInfo Technologies Inc
ZIM,;ZIM Integrated Shipping Services Ltd
ZION,;Zions Bancorporation National Association
ZIP,;ZIPRECRUITER INC
ZKIN,;ZK International Group Co Ltd
ZM,;Zoom Video Communications Inc
ZME,;Zhangmen Education Inc
ZNGA,;Zynga Inc
ZS,;Zscaler Inc
ZTO,;ZTO Express (Cayman) Inc
ZUO,;Zuora Inc
ZY,;Zymergen Inc
